BHARTI AIRTEL LIMITED,,,,,,,,,,,,,,,,,,,,,,,,,
,,,,,,,,,,,,,,,,,,,,,,,,,
PAN India,,,,,,,,,,,,,,,,,,,,,,,,,
,,,,,,,,,,,,,,,,,,,,,,,,,
Call Details of Mobile No '87915930' from '01-Sep-2025 00:00:00' to '12-Oct-2025 00:00:00',,,,,,,,,,,,,,,,,,,,,,,,,
,,,,,,,,,,,,,,,,,,,,,,,,,
Target No,Call Type,TOC,B Party No,LRN No,LRN TSP-LSA,Date,Time,Dur(s),First CGI Lat/Long,First CGI,Last CGI Lat/Long,Last CGI,SMSC No,Service Type,IMEI,IMSI,Call Fow No,Roam Nw,SW & MSC ID,IN TG,OUT TG,Vowifi First UE IP,Port1,Vowifi Last UE IP,Port2
,,,,,,,,,,,,,,,,,,,,,,,,,
No Data ,,,,,,,,,,,,,,,,,,,,,,,,,
""
This is System generated report and needs no signature. Report generated on: 12-Oct-2025 12:58 PM
